{
  "phase1": {
    "iterations": 10,
    "final_hallucination_rate": 0.6666666666666666,
    "final_metrics": {
      "hallucination_rate": 0.6666666666666666,
      "quality_score": 0.6794444444444444,
      "coherence": 0.0
    },
    "training_history": {
      "loss": [
        9.672821547389457,
        9.673248363815903,
        9.680075933915035,
        9.672472753008488,
        9.680174960728824,
        9.678507684227483,
        6.449802403689955,
        9.672192497169359,
        9.671227547748074,
        9.678429524671696,
        9.67156178656924,
        9.681146604829255,
        9.679802973644163,
        9.67545353581548,
        9.683824407515743,
        9.673715838802778,
        9.676758520867931,
        9.674448375859537,
        9.677772523331267,
        9.677501309163635,
        6.449169504860889,
        9.676601927678838,
        9.677563758786134,
        9.680951581352415,
        9.681553639559063,
        9.67319397483604,
        9.676706333007175,
        9.677979097675848,
        9.675693654896666,
        6.450692363837861,
        9.676665028686108,
        9.67741009335468,
        9.678657555103573,
        9.684388829524703,
        9.673870256118215,
        6.453447540514671,
        9.67597381603189,
        9.678413488491948,
        9.672060743780317,
        9.675248867065822,
        9.678934155698945,
        9.675992020218931,
        9.673641036902865,
        9.68051330904314,
        9.670615636672522,
        9.67773338794179,
        9.670778343563686,
        9.676588460825581,
        9.674587329353848,
        9.67697660941735,
        9.674295207630285,
        9.669204869626702,
        9.67596008319006,
        9.678221447303004,
        9.674843768448902,
        9.676900166816559,
        9.674033647321501,
        9.674917624192013,
        9.680709989589591,
        9.670835486610704,
        9.67378201875372,
        9.673760222352076,
        9.676741700012519,
        9.672747908865357,
        9.677132045877968,
        9.677823509873152,
        9.678209646451645,
        9.673413894098509,
        9.680787551911106,
        9.67742510638466,
        9.6807024843445,
        9.682307034937242,
        9.672321152317483,
        9.676688969378297,
        9.673011855386322,
        9.67203606585373,
        9.681645568880704,
        9.673085555432795,
        9.680032725240062,
        9.677529350631636,
        9.672096647227908,
        9.667253518936525,
        9.684181659816396,
        9.673200835733642,
        9.680367935767343,
        9.68144013582482,
        9.674990914678563,
        9.66912147530678,
        9.677461410502518,
        9.671636913496243,
        9.670092417771905,
        9.676179766712584,
        9.672811381335716,
        9.673357872155927,
        9.675926607954539,
        9.681600409404966,
        9.67935856634122,
        9.669858778196916
      ],
      "hallucination_score": [
        0.3114285714285714,
        0.3471428571428572,
        0.32333333333333325,
        0.33375,
        0.3025,
        0.3114285714285714,
        0.29142857142857137,
        0.32333333333333325,
        0.3025,
        0.3114285714285714,
        0.35250000000000004,
        0.3114285714285714,
        0.3025,
        0.3114285714285714,
        0.3114285714285714,
        0.32333333333333325,
        0.35250000000000004,
        0.3114285714285714,
        0.33375,
        0.3025,
        0.29142857142857137,
        0.3025,
        0.33375,
        0.32333333333333325,
        0.35250000000000004,
        0.3025,
        0.32333333333333325,
        0.32333333333333325,
        0.32333333333333325,
        0.29142857142857137,
        0.33375,
        0.3025,
        0.3471428571428572,
        0.35250000000000004,
        0.3025,
        0.29142857142857137,
        0.35250000000000004,
        0.32333333333333325,
        0.3114285714285714,
        0.33375,
        0.3471428571428572,
        0.3025,
        0.3114285714285714,
        0.32333333333333325,
        0.3471428571428572,
        0.3114285714285714,
        0.32333333333333325,
        0.3025,
        0.33375,
        0.3471428571428572,
        0.3114285714285714,
        0.3025,
        0.32333333333333325,
        0.33375,
        0.3025,
        0.32333333333333325,
        0.3114285714285714,
        0.3025,
        0.3025,
        0.3114285714285714,
        0.32333333333333325,
        0.32333333333333325,
        0.35250000000000004,
        0.35250000000000004,
        0.3114285714285714,
        0.32333333333333325,
        0.3025,
        0.3114285714285714,
        0.3025,
        0.32333333333333325,
        0.3114285714285714,
        0.3025,
        0.3114285714285714,
        0.32333333333333325,
        0.3025,
        0.32333333333333325,
        0.32333333333333325,
        0.35250000000000004,
        0.32333333333333325,
        0.33375,
        0.3114285714285714,
        0.3025,
        0.3114285714285714,
        0.32333333333333325,
        0.35250000000000004,
        0.3114285714285714,
        0.3114285714285714,
        0.3114285714285714,
        0.33375,
        0.32333333333333325,
        0.3114285714285714,
        0.3114285714285714,
        0.3025,
        0.32333333333333325,
        0.3114285714285714,
        0.3114285714285714,
        0.3025,
        0.3025
      ],
      "quality_score": [
        0.6885714285714286,
        0.6528571428571428,
        0.6766666666666667,
        0.66625,
        0.6975,
        0.6885714285714286,
        0.7085714285714286,
        0.6766666666666667,
        0.6975,
        0.6885714285714286,
        0.6475,
        0.6885714285714286,
        0.6975,
        0.6885714285714286,
        0.6885714285714286,
        0.6766666666666667,
        0.6475,
        0.6885714285714286,
        0.66625,
        0.6975,
        0.7085714285714286,
        0.6975,
        0.66625,
        0.6766666666666667,
        0.6475,
        0.6975,
        0.6766666666666667,
        0.6766666666666667,
        0.6766666666666667,
        0.7085714285714286,
        0.66625,
        0.6975,
        0.6528571428571428,
        0.6475,
        0.6975,
        0.7085714285714286,
        0.6475,
        0.6766666666666667,
        0.6885714285714286,
        0.66625,
        0.6528571428571428,
        0.6975,
        0.6885714285714286,
        0.6766666666666667,
        0.6528571428571428,
        0.6885714285714286,
        0.6766666666666667,
        0.6975,
        0.66625,
        0.6528571428571428,
        0.6885714285714286,
        0.6975,
        0.6766666666666667,
        0.66625,
        0.6975,
        0.6766666666666667,
        0.6885714285714286,
        0.6975,
        0.6975,
        0.6885714285714286,
        0.6766666666666667,
        0.6766666666666667,
        0.6475,
        0.6475,
        0.6885714285714286,
        0.6766666666666667,
        0.6975,
        0.6885714285714286,
        0.6975,
        0.6766666666666667,
        0.6885714285714286,
        0.6975,
        0.6885714285714286,
        0.6766666666666667,
        0.6975,
        0.6766666666666667,
        0.6766666666666667,
        0.6475,
        0.6766666666666667,
        0.66625,
        0.6885714285714286,
        0.6975,
        0.6885714285714286,
        0.6766666666666667,
        0.6475,
        0.6885714285714286,
        0.6885714285714286,
        0.6885714285714286,
        0.66625,
        0.6766666666666667,
        0.6885714285714286,
        0.6885714285714286,
        0.6975,
        0.6766666666666667,
        0.6885714285714286,
        0.6885714285714286,
        0.6975,
        0.6975
      ],
      "perplexity": []
    }
  },
  "phase2": {
    "total_iterations": 4,
    "final_quality": 0.6794444444444444,
    "target_reached": "False",
    "iteration_history": [
      {
        "iteration": 1,
        "quality": 0.6794444444444444,
        "improvement": 0.6794444444444444,