{
  "iteration": [
    1,
    2,
    3,
    4,
    5,
    6,
    7,
    8,
    9,
    10,
    11,
    12,
    13,
    14,
    15,
    16,
    17,
    18,
    19,
    20,
    21,
    22,
    23,
    24,
    25,
    26,
    27,
    28,
    29,
    30
  ],
  "hallucination_rate": [
    0.7790705580506172,
    0.7553797901516244,
    0.6161204282947674,
    0.6792343931269176,
    0.6706186105964606,
    0.6615933927999809,
    0.5574530506124149,
    0.6030823353537182,
    0.5485213682895054,
    0.5842646521724822,
    0.5824517235966343,
    0.5591542919018233,
    0.45032603609912386,
    0.4021041040691805,
    0.41434777776317244,
    0.4050423363716981,
    0.42292856716588967,
    0.38940434239604405,
    0.4159678842119766,
    0.39798935445331907,
    0.3818183685076235,
    0.3902036987689492,
    0.36807790567644105,
    0.36578013647605023,
    0.3662569727441571,
    0.36212011181265896,
    0.2880293000453644,
    0.32036485120989466,
    0.28993829279458744,
    0.2863703397250925
  ],
  "quality_score": [
    0.6940772093801882,
    0.715904858165235,
    0.7280239490226194,
    0.7346033080279664,
    0.7193905126117728,
    0.7411044806101521,
    0.7600823275772166,
    0.7448405568192202,
    0.7398343808737976,
    0.7675898263942273,
    0.7804043956278512,
    0.7655694029801585,
    0.7850620223371801,
    0.8026729052558015,
    0.7664731911663577,
    0.8036502504433305,
    0.7816786218155112,
    0.7945925329912661,
    0.794349375637927,
    0.7846996768948509,
    0.8130934290329414,
    0.7994756983942766,
    0.7937099462530196,
    0.8418432037518284,
    0.811526187687762,
    0.8011638477571911,
    0.8401272659640378,
    0.8243179242308087,
    0.8551366263893103,
    0.8417858621375461
  ],
  "loss": [
    11.174572319830283,
    11.018095558765964,
    10.33914821979386,
    9.985820932119294,
    9.78672753295692,
    9.582840610240662,
    9.38295197508484,
    9.147751776725327,
    8.454898131196344,
    8.430349439663278,
    8.099485059498686,
    7.632293344549204,
    7.638704965148803,
    7.33395035654674,
    6.971010788811236,
    7.178106939566072,
    6.614317192357784,
    6.604747504700882,
    6.148273876468823,
    6.390533689335667,
    6.238999899880014,
    6.092005401320142,
    5.867362512411516,
    5.473882026120405,
    5.5565005453636935,
    5.083739532031952,
    5.07474280199525,
    5.081081296536273,
    4.817135662718129,
    4.805846021370239
  ]
}