{
  "iteration": 44,
  "metrics": {
    "quality_score": 0.8234300601567236,
    "hallucination_rate": 0.2517773885678441,
    "naturalness_score": 0.8241229311747952,
    "coherence_score": 0.8068239503877328,
    "factual_accuracy": 0.8193139839007758
  },
  "timestamp": "1767403824.8466167"
}