{
  "iteration": 1,
  "metrics": {
    "quality_score": 0.6503385891293991,
    "hallucination_rate": 0.4642072446888487,
    "naturalness_score": 0.7025708867507766,
    "coherence_score": 0.6770817628165376,
    "factual_accuracy": 0.7133893498000903
  },
  "timestamp": "1767403824.8466167"
}