{
  "iteration": 47,
  "metrics": {
    "quality_score": 0.8320143512079726,
    "hallucination_rate": 0.25497976088562374,
    "naturalness_score": 0.8307124949167388,
    "coherence_score": 0.8287546995620411,
    "factual_accuracy": 0.8385430926337637
  },
  "timestamp": "1767403824.8466167"
}