{
  "iteration": 26,
  "metrics": {
    "quality_score": 0.7512587827759095,
    "hallucination_rate": 0.3150507069829276,
    "naturalness_score": 0.7684435325469113,
    "coherence_score": 0.7473374869667854,
    "factual_accuracy": 0.7954075495534016
  },
  "timestamp": "1767403824.8466167"
}