{
  "iteration": 78,
  "metrics": {
    "quality_score": 0.933542807839196,
    "hallucination_rate": 0.10804506871604734,
    "naturalness_score": 0.8944378376302009,
    "coherence_score": 0.8949879346101487,
    "factual_accuracy": 0.9122044469001556
  },
  "timestamp": "1767403824.8466167"
}