{
  "iteration": 2,
  "metrics": {
    "quality_score": 0.6632227041829756,
    "hallucination_rate": 0.4297628717314642,
    "naturalness_score": 0.7022336018106055,
    "coherence_score": 0.7010043082967368,
    "factual_accuracy": 0.7258918359332589
  },
  "timestamp": "1767403824.8466167"
}