{
  "iteration": 32,
  "metrics": {
    "quality_score": 0.7852717744433275,
    "hallucination_rate": 0.31304697158108474,
    "naturalness_score": 0.7863745168652294,
    "coherence_score": 0.7722220658075122,
    "factual_accuracy": 0.7919264243809
  },
  "timestamp": "1767403824.8466167"
}