{
  "iteration": 28,
  "metrics": {
    "quality_score": 0.763812065692422,
    "hallucination_rate": 0.3369850578836042,
    "naturalness_score": 0.7656044931109307,
    "coherence_score": 0.765691154828435,
    "factual_accuracy": 0.7767848289218688
  },
  "timestamp": "1767403824.8466167"
}