{
  "iteration": [
    1,
    2,
    3,
    4,
    5,
    6,
    7,
    8,
    9,
    10,
    11,
    12,
    13,
    14,
    15,
    16,
    17,
    18,
    19,
    20,
    21,
    22,
    23,
    24,
    25,
    26,
    27,
    28,
    29,
    30,
    31,
    32,
    33,
    34,
    35,
    36,
    37,
    38,
    39,
    40,
    41,
    42,
    43,
    44,
    45,
    46,
    47,
    48,
    49,
    50,
    51,
    52,
    53,
    54,
    55,
    56,
    57,
    58,
    59,
    60,
    61,
    62,
    63,
    64,
    65,
    66,
    67,
    68,
    69,
    70,
    71,
    72,
    73,
    74,
    75,
    76,
    77,
    78,
    79,
    80,
    81,
    82,
    83,
    84,
    85,
    86,
    87,
    88
  ],
  "loss": [
    9.315903279016617,
    8.811916155057139,
    8.793547182097734,
    7.972849037495312,
    7.568324496252415,
    7.476598146336737,
    7.124686617063066,
    6.7504750345130695,
    6.162006906757819,
    5.953418302031433,
    5.826503820505176,
    5.209319035666844,
    5.320529336752368,
    4.853757475257268,
    4.833602257792726,
    4.453726709548536,
    4.2309949382740015,
    4.059774778936373,
    3.769362256623369,
    3.3958519880133373,
    3.2881180150185383,
    3.097284673614279,
    3.200956497310362,
    2.97315899804521,
    2.8392623392812166,
    2.970568795488411,
    2.517451248020452,
    2.5318838708804052,
    2.0919414640232037,
    2.1546149168492357,
    2.325680433118435,
    1.9707148568653037,
    1.935016405365534,
    1.7352046078335939,
    1.98457314425959,
    1.814232424916407,
    1.3528886146661554,
    1.4462891642500808,
    1.3849607068841243,
    1.1767538771071517,
    1.0220890735772206,
    1.2521280232976437,
    1.0563024004892503,
    1.287961422531008,
    1.3141759292473547,
    1.302113873599756,
    0.7816871749744286,
    1.0483693448753635,
    0.9747486734130733,
    0.8080725144729024,
    0.8157423199472005,
    0.8166961644020156,
    0.5170293150952289,
    0.702151212664939,
    0.6332413119835592,
    0.5078787062826781,
    0.6791684446338428,
    0.5,
    0.6055610494005257,
    0.5,
    0.736552832785536,
    0.6748113476139255,
    0.7240623222022584,
    0.6082527433440086,
    0.5,
    0.589321372780393,
    0.5,
    0.5,
    0.5249061514261457,
    0.5,
    0.5,
    0.5,
    0.5,
    0.5,
    0.5,
    0.5072007966431269,
    0.5,
    0.5,
    0.5,
    0.5,
    0.5,
    0.5,
    0.5,
    0.5,
    0.5,
    0.5,
    0.5,
    0.5
  ],
  "quality_score": [
    0.6503385891293991,
    0.6632227041829756,
    0.637051401931798,
    0.6501487740469517,
    0.6892782010107273,
    0.6477454367079649,
    0.6574204866645263,
    0.6683781527199739,
    0.6637156841825251,
    0.6606837664036873,
    0.682908900705396,
    0.6651399894505295,
    0.6812766879575775,
    0.7252036603499512,
    0.7052850915719162,
    0.7100334134193592,
    0.6814190488749075,
    0.7241986498496104,
    0.7087779411406008,
    0.6868998550514568,
    0.6898021428756693,
    0.6978551903704661,
    0.7133804805785728,
    0.7160133796218661,
    0.7107863523620853,
    0.7512587827759095,
    0.7229479075799973,
    0.763812065692422,
    0.7531738114101134,
    0.7394597065000519,
    0.7411863782197704,
    0.7852717744433275,
    0.7689254882758864,
    0.7470578593336691,
    0.7442838125364868,
    0.7854989385322697,
    0.793715011783699,
    0.7701396520220006,
    0.8084894883476801,
    0.766956372384107,
    0.7710394694909605,
    0.7898350121408103,
    0.7704473745188425,
    0.8234300601567236,
    0.7823894790353558,
    0.7963654007024499,
    0.8320143512079726,
    0.7961252949643037,
    0.7898462551923486,
    0.7941001319383385,
    0.8283530307124294,
    0.8152920422922982,
    0.8056646671583003,
    0.824078146138475,
    0.8270375311281374,
    0.8102322223455183,
    0.8194096938794702,
    0.8245802150016424,
    0.8204403829869639,
    0.8264240264781744,
    0.8535537770855477,
    0.8428357085992507,
    0.8387128963088164,
    0.8820631074662841,
    0.8397007338135991,
    0.8712089217099624,
    0.8810620189641999,
    0.8950613605933673,
    0.8526274671132169,
    0.8582259991037192,
    0.8602456441222821,
    0.897363502023611,
    0.8911689334775726,
    0.8975846234668692,
    0.874332850238455,
    0.9095316939621787,
    0.8828196337856213,
    0.933542807839196,
    0.8868052430494273,
    0.9301851510858626,
    0.9012480984565036,
    0.9443640165277586,
    0.9103968456278628,
    0.9411051515667874,
    0.9496868641819034,
    0.9462973984508127,
    0.963680519190558,
    0.9679317944566497
  ],
  "hallucination_rate": [
    0.4642072446888487,
    0.4297628717314642,
    0.43231039397066706,
    0.43367323449034867,
    0.4075164989863286,
    0.4070564232056785,
    0.41612069238278493,
    0.40582833565824095,
    0.426132803945315,
    0.40258788539121354,
    0.4157479882166694,
    0.4110300332584332,
    0.3866244412873923,
    0.3720735727556097,
    0.37137717464876263,
    0.3729782751164507,
    0.3899057494043567,
    0.3521116601554109,
    0.3842502083983969,
    0.3412211956493519,
    0.3526649367943233,
    0.35521437249979887,
    0.3492355018564701,
    0.3270677805235284,
    0.31996161395536377,
    0.3150507069829276,
    0.3435261243340818,
    0.3369850578836042,
    0.3175955165889543,
    0.30940652831334237,
    0.2964042051937567,
    0.31304697158108474,
    0.3014955714963001,
    0.2864474165137047,
    0.2817778140956063,
    0.27005039185125423,
    0.27376224930013365,
    0.2766943280594716,
    0.27138967964981797,
    0.2589440064981674,
    0.2675380011099601,
    0.27017787599793924,
    0.2677491722435212,
    0.2517773885678441,
    0.2296242405389568,
    0.24601994508208727,
    0.25497976088562374,
    0.24267269687137766,
    0.24343115816286992,
    0.2051673522272365,
    0.2028432996796184,
    0.23147661607800277,
    0.22089227699086839,
    0.2173218246366989,
    0.21585739245317936,
    0.18956819574200198,
    0.20857509524128817,
    0.17976983364198842,
    0.18870228534191588,
    0.1889644431260491,
    0.16821659729047472,
    0.18428308116071343,
    0.15143220033809812,
    0.15854234292977928,
    0.15163815816382853,
    0.15930926381871488,
    0.15009610351035302,
    0.14333970111607305,
    0.14991101144395483,
    0.15483921744842954,
    0.13385100549011522,
    0.1406095659681619,
    0.1108162845701006,
    0.11998311793391249,
    0.13243104341418327,
    0.12021462046630035,
    0.09024836468797688,
    0.10804506871604734,
    0.09360747298706301,
    0.09853289484501332,
    0.10306955955514854,
    0.07508657645767525,
    0.0896833370281913,
    0.056446332306522566,
    0.06889735679979106,
    0.043009984336457315,
    0.055763082775605516,
    0.04848161458028478
  ],