{
  "phase1": {
    "iterations": 10,
    "final_hallucination_rate": 0.3333333333333333,
    "final_metrics": {
      "hallucination_rate": 0.3333333333333333,
      "quality_score": 0.7094949494949495,
      "coherence": 0.0
    },
    "training_history": {
      "loss": [
        9.675424585066551,
        9.6713915112655,
        9.675510081776338,
        9.67797250448956,
        9.676844628429002,
        9.673489908813234,
        9.674447727812883,
        9.674360127279817,
        9.676888913716203,
        9.675950480842737,
        9.676400113383382,
        6.449606994942805,
        9.674386929937953,
        9.67596695123234,
        9.672936403692745,
        9.67430854027058,
        9.677966253573775,
        9.676336039949291,
        9.672490103980387,
        9.675946121590757,
        9.67507652547306,
        9.677232599337454,
        9.675757469999144,
        9.677480815552627,
        9.675388730251973,
        9.675050630954852,
        9.672670976455873,
        9.674304748850549,
        9.676591368918892,
        9.675459524806088,
        6.451545983833643,
        9.676273377001467,
        9.673980496373854,
        9.676981627947619,
        9.678208763210245,
        9.674574306233817,
        9.676369069172512,
        9.675149425075578,
        9.673795717081752,
        9.677591211559468,
        9.674251158660118,
        9.675776879358079,
        9.678246153061684,
        9.673676470777002,
        9.675220322005254,
        9.676077290311358,
        9.673966913020578,
        9.679341255462667,
        9.678131864346522,
        9.675620440883186,
        9.673917935240565,
        9.676183757864793,
        9.676149351334093,
        9.674967064933558,
        9.677044028670853,
        9.673990828648204,
        9.674891296804653,
        9.676655323503306,
        9.679013541579634,
        9.676493376919195,
        9.675716012159372,
        9.672978789485231,
        9.676333588095517,
        9.672350362207904,
        9.67442835255353,
        9.675073445447437,
        9.676741230280033,
        9.677185443703793,
        9.674155446093103,
        9.675171383556307,
        9.67777130974241,
        9.67651683784648,
        9.678506176580367,
        9.676702062424138,
        9.674920752758995,
        9.675607033008037,
        9.674190970718161,
        9.675288384385393,
        9.671798071970738,
        9.677398208701165,
        9.672229617908467,
        9.675705688843745,
        9.676509968330096,
        9.67512652982785,
        9.678203698680742,
        9.673672606722821,
        9.675289880973546,
        9.674610363701563,
        9.679978859533875,
        9.675442325148115,
        9.676272553646118,
        9.675519396818768,
        9.676522132230858,
        9.678968202845104,
        9.675212032182909,
        9.677221827880594,
        9.676624125140686,
        9.674563380005955
      ],
      "hallucination_score": [
        0.32333333333333325,
        0.3025,
        0.32333333333333325,
        0.3114285714285714,
        0.3114285714285714,
        0.32333333333333325,
        0.3025,
        0.3114285714285714,
        0.3025,
        0.33375,
        0.3471428571428572,
        0.29142857142857137,
        0.32333333333333325,
        0.3114285714285714,
        0.3471428571428572,
        0.32333333333333325,
        0.3114285714285714,
        0.32333333333333325,
        0.3025,
        0.33375,
        0.33375,
        0.3114285714285714,
        0.32333333333333325,
        0.3114285714285714,
        0.3114285714285714,
        0.3471428571428572,
        0.33375,
        0.3471428571428572,
        0.35250000000000004,
        0.3471428571428572,
        0.29142857142857137,
        0.3471428571428572,
        0.33375,
        0.32333333333333325,
        0.3025,
        0.33375,
        0.3114285714285714,
        0.32333333333333325,
        0.3114285714285714,
        0.32333333333333325,
        0.32333333333333325,
        0.3025,
        0.3025,
        0.3114285714285714,
        0.32333333333333325,
        0.32333333333333325,
        0.33375,
        0.32333333333333325,
        0.3025,
        0.32333333333333325,
        0.32333333333333325,
        0.3114285714285714,
        0.3025,
        0.32333333333333325,
        0.3114285714285714,
        0.3025,
        0.33375,
        0.32333333333333325,
        0.35250000000000004,
        0.33375,
        0.3025,
        0.33375,
        0.3114285714285714,
        0.3025,
        0.32333333333333325,
        0.32333333333333325,
        0.3025,
        0.33375,
        0.3114285714285714,
        0.32333333333333325,
        0.3114285714285714,
        0.3114285714285714,
        0.3114285714285714,
        0.32333333333333325,
        0.3025,
        0.32333333333333325,
        0.33375,
        0.3025,
        0.3025,
        0.32333333333333325,
        0.3114285714285714,
        0.32333333333333325,
        0.3025,
        0.3471428571428572,
        0.3025,
        0.3025,
        0.33375,
        0.3114285714285714,
        0.3114285714285714,
        0.3114285714285714,
        0.3025,
        0.3025,
        0.3114285714285714,
        0.32333333333333325,
        0.32333333333333325,
        0.3114285714285714,
        0.33375,
        0.35250000000000004
      ],
      "quality_score": [
        0.6766666666666667,
        0.6975,
        0.6766666666666667,
        0.6885714285714286,
        0.6885714285714286,
        0.6766666666666667,
        0.6975,
        0.6885714285714286,
        0.6975,
        0.66625,
        0.6528571428571428,
        0.7085714285714286,
        0.6766666666666667,
        0.6885714285714286,
        0.6528571428571428,
        0.6766666666666667,
        0.6885714285714286,
        0.6766666666666667,
        0.6975,
        0.66625,
        0.66625,
        0.6885714285714286,
        0.6766666666666667,
        0.6885714285714286,
        0.6885714285714286,
        0.6528571428571428,
        0.66625,
        0.6528571428571428,
        0.6475,
        0.6528571428571428,
        0.7085714285714286,
        0.6528571428571428,
        0.66625,
        0.6766666666666667,
        0.6975,
        0.66625,
        0.6885714285714286,
        0.6766666666666667,
        0.6885714285714286,
        0.6766666666666667,
        0.6766666666666667,
        0.6975,
        0.6975,
        0.6885714285714286,
        0.6766666666666667,
        0.6766666666666667,
        0.66625,
        0.6766666666666667,
        0.6975,
        0.6766666666666667,
        0.6766666666666667,
        0.6885714285714286,
        0.6975,
        0.6766666666666667,
        0.6885714285714286,
        0.6975,
        0.66625,
        0.6766666666666667,
        0.6475,
        0.66625,
        0.6975,
        0.66625,
        0.6885714285714286,
        0.6975,
        0.6766666666666667,
        0.6766666666666667,
        0.6975,
        0.66625,
        0.6885714285714286,
        0.6766666666666667,
        0.6885714285714286,
        0.6885714285714286,
        0.6885714285714286,
        0.6766666666666667,
        0.6975,
        0.6766666666666667,
        0.66625,
        0.6975,
        0.6975,
        0.6766666666666667,
        0.6885714285714286,
        0.6766666666666667,
        0.6975,
        0.6528571428571428,
        0.6975,
        0.6975,
        0.66625,
        0.6885714285714286,
        0.6885714285714286,
        0.6885714285714286,
        0.6975,
        0.6975,
        0.6885714285714286,
        0.6766666666666667,
        0.6766666666666667,
        0.6885714285714286,
        0.66625,
        0.6475
      ],
      "perplexity": []
    }
  },
  "phase2": {
    "total_iterations": 4,
    "final_quality": 0.7094949494949495,
    "target_reached": "False",
    "iteration_history": [
      {
        "iteration": 1,
        "quality": 0.7094949494949495,
        "improvement": 0.7094949494949495,
        "train_loss": 9.676316449011226,