{
  "phase1": {
    "iterations": 1,
    "final_hallucination_rate": 0.0,
    "final_metrics": {
      "hallucination_rate": 0.0,
      "quality_score": 0.7319413919413919,
      "coherence": 0.06666666666666667
    },
    "training_history": {
      "loss": [
        9.67556860006847,
        9.676958075413182,
        6.4506784487702795,
        9.68027974842267,
        9.675545246478778,
        9.67517281951411,
        9.677505825355212,
        9.677982226763724,
        9.676995151263503,
        6.447664033618232,
        9.67698553274641,
        9.672012531161727,
        9.67354990056454,
        9.677573465545818,
        9.673956914337069,
        6.448945149130325,
        9.675971678001801,
        9.674541288503061,
        9.674380765748948,
        9.675870968141474,
        9.675235071821284,
        9.676520978861458,
        9.674749174090197,
        9.675864958479657,
        9.674066121350837,
        9.673457198865929,
        6.451078305673713,
        9.67398223552559,
        9.674564383503245,
        9.676346765071207,
        9.676781395831208,
        9.675236850089478,
        9.674957711029393,
        9.67523674512949,
        9.675710562718638
      ],
      "hallucination_score": [
        0.3025,
        0.3025,
        0.29142857142857137,
        0.3025,
        0.3114285714285714,
        0.3114285714285714,
        0.3114285714285714,
        0.3114285714285714,
        0.3114285714285714,
        0.29142857142857137,
        0.33375,
        0.3114285714285714,
        0.3025,
        0.3114285714285714,
        0.3114285714285714,
        0.29142857142857137,
        0.3114285714285714,
        0.32333333333333325,
        0.3471428571428572,
        0.3471428571428572,
        0.32333333333333325,
        0.32333333333333325,
        0.3114285714285714,
        0.3025,
        0.3114285714285714,
        0.32333333333333325,
        0.29142857142857137,
        0.3114285714285714,
        0.32333333333333325,
        0.32333333333333325,
        0.33375,
        0.3025,
        0.3114285714285714,
        0.3114285714285714,
        0.33375
      ],
      "quality_score": [
        0.6975,
        0.6975,
        0.7085714285714286,
        0.6975,
        0.6885714285714286,
        0.6885714285714286,
        0.6885714285714286,
        0.6885714285714286,
        0.6885714285714286,
        0.7085714285714286,
        0.66625,
        0.6885714285714286,
        0.6975,
        0.6885714285714286,
        0.6885714285714286,
        0.7085714285714286,
        0.6885714285714286,
        0.6766666666666667,
        0.6528571428571428,
        0.6528571428571428,
        0.6766666666666667,
        0.6766666666666667,
        0.6885714285714286,
        0.6975,
        0.6885714285714286,
        0.6766666666666667,
        0.7085714285714286,
        0.6885714285714286,
        0.6766666666666667,
        0.6766666666666667,
        0.66625,
        0.6975,
        0.6885714285714286,
        0.6885714285714286,
        0.66625
      ],
      "perplexity": []
    }
  },
  "phase2": {
    "total_iterations": 4,
    "final_quality": 0.7319413919413919,
    "target_reached": "False",
    "iteration_history": [
      {
        "iteration": 1,
        "quality": 0.7319413919413919,
        "improvement": 0.7319413919413919,
        "train_loss": 9.214680405951993,
        "hallucination_rate": 0.0,
        "coherence": 0.06666666666666667
      },
      {
        "iteration": 2,
        "quality": 0.7319413919413919,
        "improvement": 0.0,
        "train_loss": 9.214128833669138,
        "hallucination_rate": 0.0,
        "coherence": 0.06666666666666667
      },
      {
        "iteration": 3,
        "quality": 0.7319413919413919,
        "improvement": 0.0,
        "train_loss": 9.214245567549627,
        "hallucination_rate": 0.0,
        "coherence": 0.06666666666666667
      },
      {
        "iteration": 4,
        "quality": 0.7319413919413919,
        "improvement": 0.0,
        "train_loss": 9.67554777333895,
        "hallucination_rate": 0.0,
        "coherence": 0.06666666666666667
      }
    ]
  },
  "final_metrics": {
    "consistency_score": 1.0,
    "stability_score": 0.17582784862196627,
    "logical_coherence": 1.0,
    "factual_accuracy": 0.10312371838687628,
    "response_quality": 0.6866666666666666,
    "overall": 0.5931236467351019,
    "hallucination_rate": 0.6,
    "is_production_ready": "False"
  },
  "total_time": 0.5127975940704346,
  "model_ready": "False"
}